Variant ID,Brand Code,Display Name,Type,Color,Mockup Color,Size,Shipping Weight,Base Price,
1,GILDAN2000,Gildan - Ultra Cotton T-Shirt,Short Sleeve,Navy,#2f3a4c,S,6,6.00,
2,GILDAN2000,Gildan - Ultra Cotton T-Shirt,Short Sleeve,Navy,#2f3a4c,M,,6.00,
3,GILDAN2000,Gildan - Ultra Cotton T-Shirt,Short Sleeve,Navy,#2f3a4c,L,,6.00,
4,GILDAN2000,Gildan - Ultra Cotton T-Shirt,Short Sleeve,Navy,#2f3a4c,XL,,6.00,
5,GILDAN2000,Gildan - Ultra Cotton T-Shirt,Short Sleeve,Navy,#2f3a4c,2XL,,8.00,
6,GILDAN2000,Gildan - Ultra Cotton T-Shirt,Short Sleeve,Navy,#2f3a4c,3XL,,9.00,
7,GILDAN2000,Gildan - Ultra Cotton T-Shirt,Short Sleeve,Navy,#2f3a4c,4XL,,10.00,
8,GILDAN2000,Gildan - Ultra Cotton T-Shirt,Short Sleeve,Navy,#2f3a4c,5XL,,11.00,
9,GILDAN2000,Gildan - Ultra Cotton T-Shirt,Short Sleeve,White,#ffffff,S,,6.00,
10,GILDAN2000,Gildan - Ultra Cotton T-Shirt,Short Sleeve,White,#ffffff,M,,6.00,
11,GILDAN2000,Gildan - Ultra Cotton T-Shirt,Short Sleeve,White,#ffffff,L,,6.00,
12,GILDAN2000,Gildan - Ultra Cotton T-Shirt,Short Sleeve,White,#ffffff,XL,,6.00,
13,GILDAN2000,Gildan - Ultra Cotton T-Shirt,Short Sleeve,White,#ffffff,2XL,,8.00,
14,GILDAN2000,Gildan - Ultra Cotton T-Shirt,Short Sleeve,White,#ffffff,3XL,,9.00,
15,GILDAN2000,Gildan - Ultra Cotton T-Shirt,Short Sleeve,White,#ffffff,4XL,,10.00,
16,GILDAN2000,Gildan - Ultra Cotton T-Shirt,Short Sleeve,White,#ffffff,5XL,,11.00,
17,GILDAN2000,Gildan - Ultra Cotton T-Shirt,Short Sleeve,Sport Grey,#a0a0a0,S,,6.00,
18,GILDAN2000,Gildan - Ultra Cotton T-Shirt,Short Sleeve,Sport Grey,#a0a0a0,M,,6.00,
19,GILDAN2000,Gildan - Ultra Cotton T-Shirt,Short Sleeve,Sport Grey,#a0a0a0,L,,6.00,
20,GILDAN2000,Gildan - Ultra Cotton T-Shirt,Short Sleeve,Sport Grey,#a0a0a0,XL,,6.00,
21,GILDAN2000,Gildan - Ultra Cotton T-Shirt,Short Sleeve,Sport Grey,#a0a0a0,2XL,,8.00,
22,GILDAN2000,Gildan - Ultra Cotton T-Shirt,Short Sleeve,Sport Grey,#a0a0a0,3XL,,9.00,
23,GILDAN2000,Gildan - Ultra Cotton T-Shirt,Short Sleeve,Sport Grey,#a0a0a0,4XL,,10.00,
24,GILDAN2000,Gildan - Ultra Cotton T-Shirt,Short Sleeve,Sport Grey,#a0a0a0,5XL,,11.00,
25,GILDAN2000,Gildan - Ultra Cotton T-Shirt,Short Sleeve,Royal,#245eba,S,,6.00,
26,GILDAN2000,Gildan - Ultra Cotton T-Shirt,Short Sleeve,Royal,#245eba,M,,6.00,
27,GILDAN2000,Gildan - Ultra Cotton T-Shirt,Short Sleeve,Royal,#245eba,L,,6.00,
28,GILDAN2000,Gildan - Ultra Cotton T-Shirt,Short Sleeve,Royal,#245eba,XL,,6.00,
29,GILDAN2000,Gildan - Ultra Cotton T-Shirt,Short Sleeve,Royal,#245eba,2XL,,8.00,
30,GILDAN2000,Gildan - Ultra Cotton T-Shirt,Short Sleeve,Royal,#245eba,3XL,,9.00,
31,GILDAN2000,Gildan - Ultra Cotton T-Shirt,Short Sleeve,Royal,#245eba,4XL,,10.00,
32,GILDAN2000,Gildan - Ultra Cotton T-Shirt,Short Sleeve,Royal,#245eba,5XL,,6.00,
33,GILDAN2000,Gildan - Ultra Cotton T-Shirt,Short Sleeve,Red,#ec3c4d,S,,,
34,GILDAN2000,Gildan - Ultra Cotton T-Shirt,Short Sleeve,Red,#ec3c4d,M,,6.00,
35,GILDAN2000,Gildan - Ultra Cotton T-Shirt,Short Sleeve,Red,#ec3c4d,L,,6.00,
36,GILDAN2000,Gildan - Ultra Cotton T-Shirt,Short Sleeve,Red,#ec3c4d,XL,,6.00,
37,GILDAN2000,Gildan - Ultra Cotton T-Shirt,Short Sleeve,Red,#ec3c4d,2XL,,8.00,
38,GILDAN2000,Gildan - Ultra Cotton T-Shirt,Short Sleeve,Red,#ec3c4d,3XL,,9.00,
39,GILDAN2000,Gildan - Ultra Cotton T-Shirt,Short Sleeve,Red,#ec3c4d,4XL,,10.00,
40,GILDAN2000,Gildan - Ultra Cotton T-Shirt,Short Sleeve,Red,#ec3c4d,5XL,,11.00,
41,GILDAN2000,Gildan - Ultra Cotton T-Shirt,Short Sleeve,Kelly,#006957,S,,6.00,
42,GILDAN2000,Gildan - Ultra Cotton T-Shirt,Short Sleeve,Kelly,#006957,M,,6.00,
43,GILDAN2000,Gildan - Ultra Cotton T-Shirt,Short Sleeve,Kelly,#006957,L,,6.00,
44,GILDAN2000,Gildan - Ultra Cotton T-Shirt,Short Sleeve,Kelly,#006957,XL,,6.00,
45,GILDAN2000,Gildan - Ultra Cotton T-Shirt,Short Sleeve,Kelly,#006957,2XL,,8.00,
46,GILDAN2000,Gildan - Ultra Cotton T-Shirt,Short Sleeve,Kelly,#006957,3XL,,9.00,
47,GILDAN2000,Gildan - Ultra Cotton T-Shirt,Short Sleeve,Kelly,#006957,4XL,,10.00,
48,GILDAN2000,Gildan - Ultra Cotton T-Shirt,Short Sleeve,Kelly,#006957,5XL,,11.00,
49,GILDAN2000,Gildan - Ultra Cotton T-Shirt,Short Sleeve,Black,#272727,S,,6.00,
50,GILDAN2000,Gildan - Ultra Cotton T-Shirt,Short Sleeve,Black,#272727,M,,6.00,
51,GILDAN2000,Gildan - Ultra Cotton T-Shirt,Short Sleeve,Black,#272727,L,,6.00,
52,GILDAN2000,Gildan - Ultra Cotton T-Shirt,Short Sleeve,Black,#272727,XL,,6.00,
53,GILDAN2000,Gildan - Ultra Cotton T-Shirt,Short Sleeve,Black,#272727,2XL,,8.00,
54,GILDAN2000,Gildan - Ultra Cotton T-Shirt,Short Sleeve,Black,#272727,3XL,,9.00,
55,GILDAN2000,Gildan - Ultra Cotton T-Shirt,Short Sleeve,Black,#272727,4XL,,10.00,
56,GILDAN2000,Gildan - Ultra Cotton T-Shirt,Short Sleeve,Black,#272727,5XL,,11.00,
57,GILDAN2000L,Gildan - Ultra Cotton Women's T-Shirt ,Short Sleeve,Navy,#2f3a4c,XS,,10.00,
58,GILDAN2000L,Gildan - Ultra Cotton Women's T-Shirt ,Short Sleeve,Navy,#2f3a4c,S,,10.00,
59,GILDAN2000L,Gildan - Ultra Cotton Women's T-Shirt ,Short Sleeve,Navy,#2f3a4c,M,,10.00,
60,GILDAN2000L,Gildan - Ultra Cotton Women's T-Shirt ,Short Sleeve,Navy,#2f3a4c,XL,,10.00,
61,GILDAN2000L,Gildan - Ultra Cotton Women's T-Shirt ,Short Sleeve,Navy,#2f3a4c,2XL,,12.00,
62,GILDAN2000L,Gildan - Ultra Cotton Women's T-Shirt ,Short Sleeve,Navy,#2f3a4c,3XL,,13.00,
63,GILDAN2000L,Gildan - Ultra Cotton Women's T-Shirt,Short Sleeve,White,#ffffff,XS,,10.00,
64,GILDAN2000L,Gildan - Ultra Cotton Women's T-Shirt,Short Sleeve,Whtie,#ffffff,S,,10.00,
65,GILDAN2000L,Gildan - Ultra Cotton Women's T-Shirt,Short Sleeve,Whtie,#ffffff,M,,10.00,
66,GILDAN2000L,Gildan - Ultra Cotton Women's T-Shirt,Short Sleeve,Whtie,#ffffff,XL,,10.00,
67,GILDAN2000L,Gildan - Ultra Cotton Women's T-Shirt,Short Sleeve,Whtie,#ffffff,2XL,,12.00,
68,GILDAN2000L,Gildan - Ultra Cotton Women's T-Shirt,Short Sleeve,Whtie,#ffffff,3XL,,13.00,
69,GILDAN2000L,Gildan - Ultra Cotton Women's T-Shirt,Short Sleeve,Dark Heather,#414143,XS,,10.00,
70,GILDAN2000L,Gildan - Ultra Cotton Women's T-Shirt,Short Sleeve,Dark Heather,#414143,S,,10.00,
71,GILDAN2000L,Gildan - Ultra Cotton Women's T-Shirt,Short Sleeve,Dark Heather,#414143,M,,10.00,
72,GILDAN2000L,Gildan - Ultra Cotton Women's T-Shirt,Short Sleeve,Dark Heather,#414143,XL,,10.00,
73,GILDAN2000L,Gildan - Ultra Cotton Women's T-Shirt,Short Sleeve,Dark Heather,#414143,2XL,,12.00,
74,GILDAN2000L,Gildan - Ultra Cotton Women's T-Shirt,Short Sleeve,Dark Heather,#414143,3XL,,13.00,
75,GILDAN2000L,Gildan - Ultra Cotton Women's T-Shirt,Short Sleeve,Dark Chocolate,#403533,XS,,10.00,
76,GILDAN2000L,Gildan - Ultra Cotton Women's T-Shirt,Short Sleeve,Dark Chocolate,#403533,S,,10.00,
77,GILDAN2000L,Gildan - Ultra Cotton Women's T-Shirt,Short Sleeve,Dark Chocolate,#403533,M,,10.00,
78,GILDAN2000L,Gildan - Ultra Cotton Women's T-Shirt,Short Sleeve,Dark Chocolate,#403533,XL,,10.00,
79,GILDAN2000L,Gildan - Ultra Cotton Women's T-Shirt,Short Sleeve,Dark Chocolate,#403533,2XL,,12.00,
80,GILDAN2000L,Gildan - Ultra Cotton Women's T-Shirt,Short Sleeve,Dark Chocolate,#403533,3XL,,13.00,
81,GILDAN2000L,Gildan - Ultra Cotton Women's T-Shirt,Short Sleeve,Heliconia,#f3498b,XS,,10.00,
82,GILDAN2000L,Gildan - Ultra Cotton Women's T-Shirt,Short Sleeve,Heliconia,#f3498b,S,,10.00,
83,GILDAN2000L,Gildan - Ultra Cotton Women's T-Shirt,Short Sleeve,Heliconia,#f3498b,M,,10.00,
84,GILDAN2000L,Gildan - Ultra Cotton Women's T-Shirt,Short Sleeve,Heliconia,#f3498b,XL,,10.00,
85,GILDAN2000L,Gildan - Ultra Cotton Women's T-Shirt,Short Sleeve,Heliconia,#f3498b,2XL,,12.00,
86,GILDAN2000L,Gildan - Ultra Cotton Women's T-Shirt,Short Sleeve,Heliconia,#f3498b,3XL,,13.00,
87,GILDAN2000L,Gildan - Ultra Cotton Women's T-Shirt,Short Sleeve,Red,#ec3c4d,XS,,10.00,
88,GILDAN2000L,Gildan - Ultra Cotton Women's T-Shirt,Short Sleeve,Red,#ec3c4d,S,,10.00,
89,GILDAN2000L,Gildan - Ultra Cotton Women's T-Shirt,Short Sleeve,Red,#ec3c4d,M,,10.00,
90,GILDAN2000L,Gildan - Ultra Cotton Women's T-Shirt,Short Sleeve,Red,#ec3c4d,XL,,10.00,
91,GILDAN2000L,Gildan - Ultra Cotton Women's T-Shirt,Short Sleeve,Red,#ec3c4d,2XL,,12.00,
92,GILDAN2000L,Gildan - Ultra Cotton Women's T-Shirt,Short Sleeve,Red,#ec3c4d,3XL,,10.00,
93,GILDAN2000L,Gildan - Ultra Cotton Women's T-Shirt,Short Sleeve,Black,#272727,XS,,10.00,
94,GILDAN2000L,Gildan - Ultra Cotton Women's T-Shirt,Short Sleeve,Black,#272727,S,,10.00,
95,GILDAN2000L,Gildan - Ultra Cotton Women's T-Shirt,Short Sleeve,Black,#272727,M,,10.00,
96,GILDAN2000L,Gildan - Ultra Cotton Women's T-Shirt,Short Sleeve,Black,#272727,XL,,10.00,
97,GILDAN2000L,Gildan - Ultra Cotton Women's T-Shirt,Short Sleeve,Black,#272727,2XL,,12.00,
98,GILDAN2000L,Gildan - Ultra Cotton Women's T-Shirt,Short Sleeve,Black,#272727,3XL,,13.00,
99,GILDAN18500,Gildan - Heavy Blend Hooded Sweatshirt,Hoodie,Navy,#2f3a4c,S,,18.50,
100,GILDAN18500,Gildan - Heavy Blend Hooded Sweatshirt,Hoodie,Navy,#2f3a4c,M,,18.50,
101,GILDAN18500,Gildan - Heavy Blend Hooded Sweatshirt,Hoodie,Navy,#2f3a4c,L,,18.50,
102,GILDAN18500,Gildan - Heavy Blend Hooded Sweatshirt,Hoodie,Navy,#2f3a4c,XL,,18.50,
103,GILDAN18500,Gildan - Heavy Blend Hooded Sweatshirt,Hoodie,Navy,#2f3a4c,2XL,,20.50,
104,GILDAN18500,Gildan - Heavy Blend Hooded Sweatshirt,Hoodie,Navy,#2f3a4c,3XL,,21.50,
105,GILDAN18500,Gildan - Heavy Blend Hooded Sweatshirt,Hoodie,Navy,#2f3a4c,4XL,,22.50,
106,GILDAN18500,Gildan - Heavy Blend Hooded Sweatshirt,Hoodie,Navy,#2f3a4c,5XL,,23.50,
107,GILDAN18500,Gildan - Heavy Blend Hooded Sweatshirt,Hoodie,White,#ffffff,S,,18.50,
108,GILDAN18500,Gildan - Heavy Blend Hooded Sweatshirt,Hoodie,White,#ffffff,M,,18.50,
109,GILDAN18500,Gildan - Heavy Blend Hooded Sweatshirt,Hoodie,White,#ffffff,L,,18.50,
110,GILDAN18500,Gildan - Heavy Blend Hooded Sweatshirt,Hoodie,White,#ffffff,XL,,18.50,
111,GILDAN18500,Gildan - Heavy Blend Hooded Sweatshirt,Hoodie,White,#ffffff,2XL,,20.50,
112,GILDAN18500,Gildan - Heavy Blend Hooded Sweatshirt,Hoodie,White,#ffffff,3XL,,21.50,
113,GILDAN18500,Gildan - Heavy Blend Hooded Sweatshirt,Hoodie,White,#ffffff,4XL,,22.50,
114,GILDAN18500,Gildan - Heavy Blend Hooded Sweatshirt,Hoodie,White,#ffffff,5XL,,23.50,
115,GILDAN18500,Gildan - Heavy Blend Hooded Sweatshirt,Hoodie,Sport Grey,#a0a0a0,S,,18.50,
116,GILDAN18500,Gildan - Heavy Blend Hooded Sweatshirt,Hoodie,Sport Grey,#a0a0a0,M,,18.50,
117,GILDAN18500,Gildan - Heavy Blend Hooded Sweatshirt,Hoodie,Sport Grey,#a0a0a0,L,,18.50,
118,GILDAN18500,Gildan - Heavy Blend Hooded Sweatshirt,Hoodie,Sport Grey,#a0a0a0,XL,,18.50,
119,GILDAN18500,Gildan - Heavy Blend Hooded Sweatshirt,Hoodie,Sport Grey,#a0a0a0,2XL,,20.50,
120,GILDAN18500,Gildan - Heavy Blend Hooded Sweatshirt,Hoodie,Sport Grey,#a0a0a0,3XL,,21.50,
121,GILDAN18500,Gildan - Heavy Blend Hooded Sweatshirt,Hoodie,Sport Grey,#a0a0a0,4XL,,22.50,
122,GILDAN18500,Gildan - Heavy Blend Hooded Sweatshirt,Hoodie,Sport Grey,#a0a0a0,5XL,,23.50,
123,GILDAN18500,Gildan - Heavy Blend Hooded Sweatshirt,Hoodie,Dark Heather,#414143,S,,18.50,
124,GILDAN18500,Gildan - Heavy Blend Hooded Sweatshirt,Hoodie,Dark Heather,#414143,M,,18.50,
125,GILDAN18500,Gildan - Heavy Blend Hooded Sweatshirt,Hoodie,Dark Heather,#414143,L,,18.50,
126,GILDAN18500,Gildan - Heavy Blend Hooded Sweatshirt,Hoodie,Dark Heather,#414143,XL,,18.50,
127,GILDAN18500,Gildan - Heavy Blend Hooded Sweatshirt,Hoodie,Dark Heather,#414143,2XL,,20.50,
128,GILDAN18500,Gildan - Heavy Blend Hooded Sweatshirt,Hoodie,Dark Heather,#414143,3XL,,21.50,
129,GILDAN18500,Gildan - Heavy Blend Hooded Sweatshirt,Hoodie,Dark Heather,#414143,4XL,,22.50,
130,GILDAN18500,Gildan - Heavy Blend Hooded Sweatshirt,Hoodie,Dark Heather,#414143,5XL,,23.50,
131,GILDAN18500,Gildan - Heavy Blend Hooded Sweatshirt,Hoodie,Irish,#00b376,S,,18.50,
132,GILDAN18500,Gildan - Heavy Blend Hooded Sweatshirt,Hoodie,Irish,#00b376,M,,18.50,
133,GILDAN18500,Gildan - Heavy Blend Hooded Sweatshirt,Hoodie,Irish,#00b376,L,,18.50,
134,GILDAN18500,Gildan - Heavy Blend Hooded Sweatshirt,Hoodie,Irish,#00b376,XL,,18.50,
135,GILDAN18500,Gildan - Heavy Blend Hooded Sweatshirt,Hoodie,Irish,#00b376,2XL,,20.50,
136,GILDAN18500,Gildan - Heavy Blend Hooded Sweatshirt,Hoodie,Irish,#00b376,3XL,,21.50,
137,GILDAN18500,Gildan - Heavy Blend Hooded Sweatshirt,Hoodie,Irish,#00b376,4XL,,22.50,
138,GILDAN18500,Gildan - Heavy Blend Hooded Sweatshirt,Hoodie,Irish,#00b376,5XL,,23.50,
139,GILDAN18500,Gildan - Heavy Blend Hooded Sweatshirt,Hoodie,Royal,#245eba,S,,18.50,
140,GILDAN18500,Gildan - Heavy Blend Hooded Sweatshirt,Hoodie,Royal,#245eba,M,,18.50,
141,GILDAN18500,Gildan - Heavy Blend Hooded Sweatshirt,Hoodie,Royal,#245eba,L,,18.50,
142,GILDAN18500,Gildan - Heavy Blend Hooded Sweatshirt,Hoodie,Royal,#245eba,XL,,18.50,
143,GILDAN18500,Gildan - Heavy Blend Hooded Sweatshirt,Hoodie,Royal,#245eba,2XL,,20.50,
144,GILDAN18500,Gildan - Heavy Blend Hooded Sweatshirt,Hoodie,Royal,#245eba,3XL,,21.50,
145,GILDAN18500,Gildan - Heavy Blend Hooded Sweatshirt,Hoodie,Royal,#245eba,4XL,,22.50,
146,GILDAN18500,Gildan - Heavy Blend Hooded Sweatshirt,Hoodie,Royal,#245eba,5XL,,23.50,
147,GILDAN18500,Gildan - Heavy Blend Hooded Sweatshirt,Hoodie,Red,#ec3c4d,S,,18.50,
148,GILDAN18500,Gildan - Heavy Blend Hooded Sweatshirt,Hoodie,Red,#ec3c4d,M,,18.50,
149,GILDAN18500,Gildan - Heavy Blend Hooded Sweatshirt,Hoodie,Red,#ec3c4d,L,,18.50,
150,GILDAN18500,Gildan - Heavy Blend Hooded Sweatshirt,Hoodie,Red,#ec3c4d,XL,,18.50,
151,GILDAN18500,Gildan - Heavy Blend Hooded Sweatshirt,Hoodie,Red,#ec3c4d,2XL,,20.50,
152,GILDAN18500,Gildan - Heavy Blend Hooded Sweatshirt,Hoodie,Red,#ec3c4d,3XL,,21.50,
153,GILDAN18500,Gildan - Heavy Blend Hooded Sweatshirt,Hoodie,Red,#ec3c4d,4XL,,22.50,
154,GILDAN18500,Gildan - Heavy Blend Hooded Sweatshirt,Hoodie,Red,#ec3c4d,5XL,,23.50,
155,GILDAN18500,Gildan - Heavy Blend Hooded Sweatshirt,Hoodie,Black,#272727,S,,18.50,
156,GILDAN18500,Gildan - Heavy Blend Hooded Sweatshirt,Hoodie,Black,#272727,M,,18.50,
157,GILDAN18500,Gildan - Heavy Blend Hooded Sweatshirt,Hoodie,Black,#272727,L,,18.50,
158,GILDAN18500,Gildan - Heavy Blend Hooded Sweatshirt,Hoodie,Black,#272727,XL,,18.50,
159,GILDAN18500,Gildan - Heavy Blend Hooded Sweatshirt,Hoodie,Black,#272727,2XL,,20.50,
160,GILDAN18500,Gildan - Heavy Blend Hooded Sweatshirt,Hoodie,Black,#272727,3XL,,21.50,
161,GILDAN18500,Gildan - Heavy Blend Hooded Sweatshirt,Hoodie,Black,#272727,4XL,,22.50,
162,GILDAN18500,Gildan - Heavy Blend Hooded Sweatshirt,Hoodie,Black,#272727,5XL,,23.50,
163,BELLACANVAS8800,Bella + Canvas - Women's Flowy Racerback Tank,Tank,White,#ffffff,XS,,12.00,
164,BELLACANVAS8800,Bella + Canvas - Women's Flowy Racerback Tank,Tank,White,#ffffff,S,,12.00,
165,BELLACANVAS8800,Bella + Canvas - Women's Flowy Racerback Tank,Tank,White,#ffffff,M,,12.00,
166,BELLACANVAS8800,Bella + Canvas - Women's Flowy Racerback Tank,Tank,White,#ffffff,L,,12.00,
167,BELLACANVAS8800,Bella + Canvas - Women's Flowy Racerback Tank,Tank,White,#ffffff,XL,,12.00,
168,BELLACANVAS8800,Bella + Canvas - Women's Flowy Racerback Tank,Tank,White,#ffffff,2XL,,14.00,
169,BELLACANVAS8800,Bella + Canvas - Women's Flowy Racerback Tank,Tank,Athletic Heather,#b6c0d2,XS,,12.00,
170,BELLACANVAS8800,Bella + Canvas - Women's Flowy Racerback Tank,Tank,Athletic Heather,#b6c0d2,S,,12.00,
171,BELLACANVAS8800,Bella + Canvas - Women's Flowy Racerback Tank,Tank,Athletic Heather,#b6c0d2,M,,12.00,
172,BELLACANVAS8800,Bella + Canvas - Women's Flowy Racerback Tank,Tank,Athletic Heather,#b6c0d2,L,,12.00,
173,BELLACANVAS8800,Bella + Canvas - Women's Flowy Racerback Tank,Tank,Athletic Heather,#b6c0d2,XL,,12.00,
174,BELLACANVAS8800,Bella + Canvas - Women's Flowy Racerback Tank,Tank,Athletic Heather,#b6c0d2,2XL,,14.00,
175,BELLACANVAS8800,Bella + Canvas - Women's Flowy Racerback Tank,Tank,Royal,#245eba,XS,,12.00,
176,BELLACANVAS8800,Bella + Canvas - Women's Flowy Racerback Tank,Tank,Royal,#245eba,S,,12.00,
177,BELLACANVAS8800,Bella + Canvas - Women's Flowy Racerback Tank,Tank,Royal,#245eba,M,,12.00,
178,BELLACANVAS8800,Bella + Canvas - Women's Flowy Racerback Tank,Tank,Royal,#245eba,L,,12.00,
179,BELLACANVAS8800,Bella + Canvas - Women's Flowy Racerback Tank,Tank,Royal,#245eba,XL,,12.00,
180,BELLACANVAS8800,Bella + Canvas - Women's Flowy Racerback Tank,Tank,Royal,#245eba,2XL,,14.00,
181,BELLACANVAS8800,Bella + Canvas - Women's Flowy Racerback Tank,Tank,Dark Grey,#423740,XS,,12.00,
182,BELLACANVAS8800,Bella + Canvas - Women's Flowy Racerback Tank,Tank,Dark Grey,#423740,S,,12.00,
183,BELLACANVAS8800,Bella + Canvas - Women's Flowy Racerback Tank,Tank,Dark Grey,#423740,M,,12.00,
184,BELLACANVAS8800,Bella + Canvas - Women's Flowy Racerback Tank,Tank,Dark Grey,#423740,L,,12.00,
185,BELLACANVAS8800,Bella + Canvas - Women's Flowy Racerback Tank,Tank,Dark Grey,#423740,XL,,12.00,
186,BELLACANVAS8800,Bella + Canvas - Women's Flowy Racerback Tank,Tank,Dark Grey,#423740,2XL,,14.00,
187,BELLACANVAS8800,Bella + Canvas - Women's Flowy Racerback Tank,Tank,Red,#ec3c4d,XS,,12.00,
188,BELLACANVAS8800,Bella + Canvas - Women's Flowy Racerback Tank,Tank,Red,#ec3c4d,S,,12.00,
189,BELLACANVAS8800,Bella + Canvas - Women's Flowy Racerback Tank,Tank,Red,#ec3c4d,M,,12.00,
190,BELLACANVAS8800,Bella + Canvas - Women's Flowy Racerback Tank,Tank,Red,#ec3c4d,L,,12.00,
191,BELLACANVAS8800,Bella + Canvas - Women's Flowy Racerback Tank,Tank,Red,#ec3c4d,XL,,12.00,
192,BELLACANVAS8800,Bella + Canvas - Women's Flowy Racerback Tank,Tank,Red,#ec3c4d,2XL,,14.00,
193,BELLACANVAS8800,Bella + Canvas - Women's Flowy Racerback Tank,Tank,Kelly,#006957,XS,,12.00,
194,BELLACANVAS8800,Bella + Canvas - Women's Flowy Racerback Tank,Tank,Kelly,#006957,S,,12.00,
195,BELLACANVAS8800,Bella + Canvas - Women's Flowy Racerback Tank,Tank,Kelly,#006957,M,,12.00,
196,BELLACANVAS8800,Bella + Canvas - Women's Flowy Racerback Tank,Tank,Kelly,#006957,L,,12.00,
197,BELLACANVAS8800,Bella + Canvas - Women's Flowy Racerback Tank,Tank,Kelly,#006957,XL,,12.00,
198,BELLACANVAS8800,Bella + Canvas - Women's Flowy Racerback Tank,Tank,Kelly,#006957,2XL,,14.00,
199,BELLACANVAS8800,Bella + Canvas - Women's Flowy Racerback Tank,Tank,Black,#272727,XS,,12.00,
200,BELLACANVAS8800,Bella + Canvas - Women's Flowy Racerback Tank,Tank,Black,#272727,S,,12.00,
201,BELLACANVAS8800,Bella + Canvas - Women's Flowy Racerback Tank,Tank,Black,#272727,M,,12.00,
202,BELLACANVAS8800,Bella + Canvas - Women's Flowy Racerback Tank,Tank,Black,#272727,L,,12.00,
203,BELLACANVAS8800,Bella + Canvas - Women's Flowy Racerback Tank,Tank,Black,#272727,XL,,12.00,
204,BELLACANVAS8800,Bella + Canvas - Women's Flowy Racerback Tank,Tank,Black,#272727,2XL,,14.00,
205,GILDAN2400,Gildan - Ultra Cotton Long Sleeve T-Shirt,Long Sleeve,Navy,#2f3a4c,S,,11.00,
206,GILDAN2400,Gildan - Ultra Cotton Long Sleeve T-Shirt,Long Sleeve,Navy,#2f3a4c,M,,11.00,
207,GILDAN2400,Gildan - Ultra Cotton Long Sleeve T-Shirt,Long Sleeve,Navy,#2f3a4c,L,,11.00,
208,GILDAN2400,Gildan - Ultra Cotton Long Sleeve T-Shirt,Long Sleeve,Navy,#2f3a4c,XL,,11.00,
209,GILDAN2400,Gildan - Ultra Cotton Long Sleeve T-Shirt,Long Sleeve,Navy,#2f3a4c,2XL,,13.00,
210,GILDAN2400,Gildan - Ultra Cotton Long Sleeve T-Shirt,Long Sleeve,Navy,#2f3a4c,3XL,,14.00,
211,GILDAN2400,Gildan - Ultra Cotton Long Sleeve T-Shirt,Long Sleeve,Navy,#2f3a4c,4XL,,15.00,
212,GILDAN2400,Gildan - Ultra Cotton Long Sleeve T-Shirt,Long Sleeve,Navy,#2f3a4c,5XL,,16.00,
213,GILDAN2400,Gildan - Ultra Cotton Long Sleeve T-Shirt,Long Sleeve,White,#ffffff,S,,11.00,
214,GILDAN2400,Gildan - Ultra Cotton Long Sleeve T-Shirt,Long Sleeve,White,#ffffff,M,,11.00,
215,GILDAN2400,Gildan - Ultra Cotton Long Sleeve T-Shirt,Long Sleeve,White,#ffffff,L,,11.00,
216,GILDAN2400,Gildan - Ultra Cotton Long Sleeve T-Shirt,Long Sleeve,White,#ffffff,XL,,11.00,
217,GILDAN2400,Gildan - Ultra Cotton Long Sleeve T-Shirt,Long Sleeve,White,#ffffff,2XL,,13.00,
218,GILDAN2400,Gildan - Ultra Cotton Long Sleeve T-Shirt,Long Sleeve,White,#ffffff,3XL,,14.00,
219,GILDAN2400,Gildan - Ultra Cotton Long Sleeve T-Shirt,Long Sleeve,White,#ffffff,4XL,,15.00,
220,GILDAN2400,Gildan - Ultra Cotton Long Sleeve T-Shirt,Long Sleeve,White,#ffffff,5XL,,16.00,
221,GILDAN2400,Gildan - Ultra Cotton Long Sleeve T-Shirt,Long Sleeve,Dark Heather,#414143,S,,11.00,
222,GILDAN2400,Gildan - Ultra Cotton Long Sleeve T-Shirt,Long Sleeve,Dark Heather,#414143,M,,11.00,
223,GILDAN2400,Gildan - Ultra Cotton Long Sleeve T-Shirt,Long Sleeve,Dark Heather,#414143,L,,11.00,
224,GILDAN2400,Gildan - Ultra Cotton Long Sleeve T-Shirt,Long Sleeve,Dark Heather,#414143,XL,,11.00,
225,GILDAN2400,Gildan - Ultra Cotton Long Sleeve T-Shirt,Long Sleeve,Dark Heather,#414143,2XL,,13.00,
226,GILDAN2400,Gildan - Ultra Cotton Long Sleeve T-Shirt,Long Sleeve,Dark Heather,#414143,3XL,,14.00,
227,GILDAN2400,Gildan - Ultra Cotton Long Sleeve T-Shirt,Long Sleeve,Dark Heather,#414143,4XL,,15.00,
228,GILDAN2400,Gildan - Ultra Cotton Long Sleeve T-Shirt,Long Sleeve,Dark Heather,#414143,5XL,,16.00,
229,GILDAN2400,Gildan - Ultra Cotton Long Sleeve T-Shirt,Long Sleeve,Irish,#00b376,S,,11.00,
230,GILDAN2400,Gildan - Ultra Cotton Long Sleeve T-Shirt,Long Sleeve,Irish,#00b376,M,,11.00,
231,GILDAN2400,Gildan - Ultra Cotton Long Sleeve T-Shirt,Long Sleeve,Irish,#00b376,L,,11.00,
232,GILDAN2400,Gildan - Ultra Cotton Long Sleeve T-Shirt,Long Sleeve,Irish,#00b376,XL,,11.00,
233,GILDAN2400,Gildan - Ultra Cotton Long Sleeve T-Shirt,Long Sleeve,Irish,#00b376,2XL,,13.00,
234,GILDAN2400,Gildan - Ultra Cotton Long Sleeve T-Shirt,Long Sleeve,Irish,#00b376,3XL,,14.00,
235,GILDAN2400,Gildan - Ultra Cotton Long Sleeve T-Shirt,Long Sleeve,Irish,#00b376,4XL,,15.00,
236,GILDAN2400,Gildan - Ultra Cotton Long Sleeve T-Shirt,Long Sleeve,Irish,#00b376,5XL,,16.00,
237,GILDAN2400,Gildan - Ultra Cotton Long Sleeve T-Shirt,Long Sleeve,Royal,#245eba,S,,11.00,
238,GILDAN2400,Gildan - Ultra Cotton Long Sleeve T-Shirt,Long Sleeve,Royal,#245eba,M,,11.00,
239,GILDAN2400,Gildan - Ultra Cotton Long Sleeve T-Shirt,Long Sleeve,Royal,#245eba,L,,11.00,
240,GILDAN2400,Gildan - Ultra Cotton Long Sleeve T-Shirt,Long Sleeve,Royal,#245eba,XL,,11.00,
241,GILDAN2400,Gildan - Ultra Cotton Long Sleeve T-Shirt,Long Sleeve,Royal,#245eba,2XL,,13.00,
242,GILDAN2400,Gildan - Ultra Cotton Long Sleeve T-Shirt,Long Sleeve,Royal,#245eba,3XL,,14.00,
243,GILDAN2400,Gildan - Ultra Cotton Long Sleeve T-Shirt,Long Sleeve,Royal,#245eba,4XL,,15.00,
244,GILDAN2400,Gildan - Ultra Cotton Long Sleeve T-Shirt,Long Sleeve,Royal,#245eba,5XL,,16.00,
245,GILDAN2400,Gildan - Ultra Cotton Long Sleeve T-Shirt,Long Sleeve,Red,#ec3c4d,S,,11.00,
246,GILDAN2400,Gildan - Ultra Cotton Long Sleeve T-Shirt,Long Sleeve,Red,#ec3c4d,M,,11.00,
247,GILDAN2400,Gildan - Ultra Cotton Long Sleeve T-Shirt,Long Sleeve,Red,#ec3c4d,L,,11.00,
248,GILDAN2400,Gildan - Ultra Cotton Long Sleeve T-Shirt,Long Sleeve,Red,#ec3c4d,XL,,11.00,
249,GILDAN2400,Gildan - Ultra Cotton Long Sleeve T-Shirt,Long Sleeve,Red,#ec3c4d,2XL,,13.00,
250,GILDAN2400,Gildan - Ultra Cotton Long Sleeve T-Shirt,Long Sleeve,Red,#ec3c4d,3XL,,14.00,
251,GILDAN2400,Gildan - Ultra Cotton Long Sleeve T-Shirt,Long Sleeve,Red,#ec3c4d,4XL,,15.00,
252,GILDAN2400,Gildan - Ultra Cotton Long Sleeve T-Shirt,Long Sleeve,Red,#ec3c4d,5XL,,16.00,
253,GILDAN2400,Gildan - Ultra Cotton Long Sleeve T-Shirt,Long Sleeve,Black,#272727,S,,11.00,
254,GILDAN2400,Gildan - Ultra Cotton Long Sleeve T-Shirt,Long Sleeve,Black,#272727,M,,11.00,
255,GILDAN2400,Gildan - Ultra Cotton Long Sleeve T-Shirt,Long Sleeve,Black,#272727,L,,11.00,
256,GILDAN2400,Gildan - Ultra Cotton Long Sleeve T-Shirt,Long Sleeve,Black,#272727,XL,,11.00,
257,GILDAN2400,Gildan - Ultra Cotton Long Sleeve T-Shirt,Long Sleeve,Black,#272727,2XL,,13.00,
258,GILDAN2400,Gildan - Ultra Cotton Long Sleeve T-Shirt,Long Sleeve,Black,#272727,3XL,,14.00,
259,GILDAN2400,Gildan - Ultra Cotton Long Sleeve T-Shirt,Long Sleeve,Black,#272727,4XL,,15.00,
260,GILDAN2400,Gildan - Ultra Cotton Long Sleeve T-Shirt,Long Sleeve,Black,#272727,5XL,,16.00,
261,GILDAN18000,Gildan - Heavy Blend Crewneck Sweatshirt,Sweatshirt,Navy,#2f3a4c,XS,,13.00,
262,GILDAN18000,Gildan - Heavy Blend Crewneck Sweatshirt,Sweatshirt,Navy,#2f3a4c,S,,13.00,
263,GILDAN18000,Gildan - Heavy Blend Crewneck Sweatshirt,Sweatshirt,Navy,#2f3a4c,M,,13.00,
264,GILDAN18000,Gildan - Heavy Blend Crewneck Sweatshirt,Sweatshirt,Navy,#2f3a4c,L,,13.00,
265,GILDAN18000,Gildan - Heavy Blend Crewneck Sweatshirt,Sweatshirt,Navy,#2f3a4c,XL,,13.00,
266,GILDAN18000,Gildan - Heavy Blend Crewneck Sweatshirt,Sweatshirt,Navy,#2f3a4c,2XL,,15.00,
267,GILDAN18000,Gildan - Heavy Blend Crewneck Sweatshirt,Sweatshirt,Navy,#2f3a4c,3XL,,16.00,
268,GILDAN18000,Gildan - Heavy Blend Crewneck Sweatshirt,Sweatshirt,Navy,#2f3a4c,4XL,,17.00,
269,GILDAN18000,Gildan - Heavy Blend Crewneck Sweatshirt,Sweatshirt,Navy,#2f3a4c,5XL,,18.00,
270,GILDAN18000,Gildan - Heavy Blend Crewneck Sweatshirt,Sweatshirt,White,#ffffff,XS,,13.00,
271,GILDAN18000,Gildan - Heavy Blend Crewneck Sweatshirt,Sweatshirt,White,#ffffff,S,,13.00,
272,GILDAN18000,Gildan - Heavy Blend Crewneck Sweatshirt,Sweatshirt,White,#ffffff,M,,13.00,
273,GILDAN18000,Gildan - Heavy Blend Crewneck Sweatshirt,Sweatshirt,White,#ffffff,L,,13.00,
274,GILDAN18000,Gildan - Heavy Blend Crewneck Sweatshirt,Sweatshirt,White,#ffffff,XL,,13.00,
275,GILDAN18000,Gildan - Heavy Blend Crewneck Sweatshirt,Sweatshirt,White,#ffffff,2XL,,15.00,
276,GILDAN18000,Gildan - Heavy Blend Crewneck Sweatshirt,Sweatshirt,White,#ffffff,3XL,,16.00,
277,GILDAN18000,Gildan - Heavy Blend Crewneck Sweatshirt,Sweatshirt,White,#ffffff,4XL,,17.00,
278,GILDAN18000,Gildan - Heavy Blend Crewneck Sweatshirt,Sweatshirt,White,#ffffff,5XL,,18.00,
279,GILDAN18000,Gildan - Heavy Blend Crewneck Sweatshirt,Sweatshirt,Sport Grey,#a0a0a0,XS,,13.00,
280,GILDAN18000,Gildan - Heavy Blend Crewneck Sweatshirt,Sweatshirt,Sport Grey,#a0a0a0,S,,13.00,
281,GILDAN18000,Gildan - Heavy Blend Crewneck Sweatshirt,Sweatshirt,Sport Grey,#a0a0a0,M,,13.00,
282,GILDAN18000,Gildan - Heavy Blend Crewneck Sweatshirt,Sweatshirt,Sport Grey,#a0a0a0,L,,13.00,
283,GILDAN18000,Gildan - Heavy Blend Crewneck Sweatshirt,Sweatshirt,Sport Grey,#a0a0a0,XL,,13.00,
284,GILDAN18000,Gildan - Heavy Blend Crewneck Sweatshirt,Sweatshirt,Sport Grey,#a0a0a0,2XL,,15.00,
285,GILDAN18000,Gildan - Heavy Blend Crewneck Sweatshirt,Sweatshirt,Sport Grey,#a0a0a0,3XL,,16.00,
286,GILDAN18000,Gildan - Heavy Blend Crewneck Sweatshirt,Sweatshirt,Sport Grey,#a0a0a0,4XL,,17.00,
287,GILDAN18000,Gildan - Heavy Blend Crewneck Sweatshirt,Sweatshirt,Sport Grey,#a0a0a0,5XL,,18.00,
288,GILDAN18000,Gildan - Heavy Blend Crewneck Sweatshirt,Sweatshirt,Maroon,#800000,XS,,13.00,
289,GILDAN18000,Gildan - Heavy Blend Crewneck Sweatshirt,Sweatshirt,Maroon,#800000,S,,13.00,
290,GILDAN18000,Gildan - Heavy Blend Crewneck Sweatshirt,Sweatshirt,Maroon,#800000,M,,13.00,
291,GILDAN18000,Gildan - Heavy Blend Crewneck Sweatshirt,Sweatshirt,Maroon,#800000,L,,13.00,
292,GILDAN18000,Gildan - Heavy Blend Crewneck Sweatshirt,Sweatshirt,Maroon,#800000,XL,,13.00,
293,GILDAN18000,Gildan - Heavy Blend Crewneck Sweatshirt,Sweatshirt,Maroon,#800000,2XL,,15.00,
294,GILDAN18000,Gildan - Heavy Blend Crewneck Sweatshirt,Sweatshirt,Maroon,#800000,3XL,,16.00,
295,GILDAN18000,Gildan - Heavy Blend Crewneck Sweatshirt,Sweatshirt,Maroon,#800000,4XL,,17.00,
296,GILDAN18000,Gildan - Heavy Blend Crewneck Sweatshirt,Sweatshirt,Maroon,#800000,5XL,,18.00,
297,GILDAN18000,Gildan - Heavy Blend Crewneck Sweatshirt,Sweatshirt,Dark Chocolate,#403533,XS,,13.00,
298,GILDAN18000,Gildan - Heavy Blend Crewneck Sweatshirt,Sweatshirt,Dark Chocolate,#403533,S,,13.00,
299,GILDAN18000,Gildan - Heavy Blend Crewneck Sweatshirt,Sweatshirt,Dark Chocolate,#403533,M,,13.00,
300,GILDAN18000,Gildan - Heavy Blend Crewneck Sweatshirt,Sweatshirt,Dark Chocolate,#403533,L,,13.00,
301,GILDAN18000,Gildan - Heavy Blend Crewneck Sweatshirt,Sweatshirt,Dark Chocolate,#403533,XL,,13.00,
302,GILDAN18000,Gildan - Heavy Blend Crewneck Sweatshirt,Sweatshirt,Dark Chocolate,#403533,2XL,,15.00,
303,GILDAN18000,Gildan - Heavy Blend Crewneck Sweatshirt,Sweatshirt,Dark Chocolate,#403533,3XL,,16.00,
304,GILDAN18000,Gildan - Heavy Blend Crewneck Sweatshirt,Sweatshirt,Dark Chocolate,#403533,4XL,,17.00,
305,GILDAN18000,Gildan - Heavy Blend Crewneck Sweatshirt,Sweatshirt,Dark Chocolate,#403533,5XL,,18.00,
306,GILDAN18000,Gildan - Heavy Blend Crewneck Sweatshirt,Sweatshirt,Irish Green,#008951,XS,,13.00,
307,GILDAN18000,Gildan - Heavy Blend Crewneck Sweatshirt,Sweatshirt,Irish Green,#008951,S,,13.00,
308,GILDAN18000,Gildan - Heavy Blend Crewneck Sweatshirt,Sweatshirt,Irish Green,#008951,M,,13.00,
309,GILDAN18000,Gildan - Heavy Blend Crewneck Sweatshirt,Sweatshirt,Irish Green,#008951,L,,13.00,
310,GILDAN18000,Gildan - Heavy Blend Crewneck Sweatshirt,Sweatshirt,Irish Green,#008951,XL,,13.00,
311,GILDAN18000,Gildan - Heavy Blend Crewneck Sweatshirt,Sweatshirt,Irish Green,#008951,2XL,,15.00,
312,GILDAN18000,Gildan - Heavy Blend Crewneck Sweatshirt,Sweatshirt,Irish Green,#008951,3XL,,16.00,
313,GILDAN18000,Gildan - Heavy Blend Crewneck Sweatshirt,Sweatshirt,Irish Green,#008951,4XL,,17.00,
314,GILDAN18000,Gildan - Heavy Blend Crewneck Sweatshirt,Sweatshirt,Irish Green,#008951,5XL,,18.00,
315,GILDAN18000,Gildan - Heavy Blend Crewneck Sweatshirt,Sweatshirt,Indigo Blue,#516681,XS,,13.00,
316,GILDAN18000,Gildan - Heavy Blend Crewneck Sweatshirt,Sweatshirt,Indigo Blue,#516681,S,,13.00,
317,GILDAN18000,Gildan - Heavy Blend Crewneck Sweatshirt,Sweatshirt,Indigo Blue,#516681,M,,13.00,
318,GILDAN18000,Gildan - Heavy Blend Crewneck Sweatshirt,Sweatshirt,Indigo Blue,#516681,L,,13.00,
319,GILDAN18000,Gildan - Heavy Blend Crewneck Sweatshirt,Sweatshirt,Indigo Blue,#516681,XL,,13.00,
320,GILDAN18000,Gildan - Heavy Blend Crewneck Sweatshirt,Sweatshirt,Indigo Blue,#516681,2XL,,15.00,
321,GILDAN18000,Gildan - Heavy Blend Crewneck Sweatshirt,Sweatshirt,Indigo Blue,#516681,3XL,,16.00,
322,GILDAN18000,Gildan - Heavy Blend Crewneck Sweatshirt,Sweatshirt,Indigo Blue,#516681,4XL,,17.00,
323,GILDAN18000,Gildan - Heavy Blend Crewneck Sweatshirt,Sweatshirt,Indigo Blue,#516681,5XL,,18.00,
324,GILDAN18000,Gildan - Heavy Blend Crewneck Sweatshirt,Sweatshirt,Light Blue,#dae7f1,XS,,13.00,
325,GILDAN18000,Gildan - Heavy Blend Crewneck Sweatshirt,Sweatshirt,Light Blue,#dae7f1,S,,13.00,
326,GILDAN18000,Gildan - Heavy Blend Crewneck Sweatshirt,Sweatshirt,Light Blue,#dae7f1,M,,13.00,
327,GILDAN18000,Gildan - Heavy Blend Crewneck Sweatshirt,Sweatshirt,Light Blue,#dae7f1,L,,13.00,
328,GILDAN18000,Gildan - Heavy Blend Crewneck Sweatshirt,Sweatshirt,Light Blue,#dae7f1,XL,,13.00,
329,GILDAN18000,Gildan - Heavy Blend Crewneck Sweatshirt,Sweatshirt,Light Blue,#dae7f1,2XL,,15.00,
330,GILDAN18000,Gildan - Heavy Blend Crewneck Sweatshirt,Sweatshirt,Light Blue,#dae7f1,3XL,,16.00,
331,GILDAN18000,Gildan - Heavy Blend Crewneck Sweatshirt,Sweatshirt,Light Blue,#dae7f1,4XL,,17.00,
332,GILDAN18000,Gildan - Heavy Blend Crewneck Sweatshirt,Sweatshirt,Light Blue,#dae7f1,5XL,,18.00,
333,GILDAN18000,Gildan - Heavy Blend Crewneck Sweatshirt,Sweatshirt,Light Pink ,#f7cdd5,XS,,13.00,
334,GILDAN18000,Gildan - Heavy Blend Crewneck Sweatshirt,Sweatshirt,Light Pink ,#f7cdd5,S,,13.00,
335,GILDAN18000,Gildan - Heavy Blend Crewneck Sweatshirt,Sweatshirt,Light Pink ,#f7cdd5,M,,13.00,
336,GILDAN18000,Gildan - Heavy Blend Crewneck Sweatshirt,Sweatshirt,Light Pink ,#f7cdd5,L,,13.00,
337,GILDAN18000,Gildan - Heavy Blend Crewneck Sweatshirt,Sweatshirt,Light Pink ,#f7cdd5,XL,,13.00,
338,GILDAN18000,Gildan - Heavy Blend Crewneck Sweatshirt,Sweatshirt,Light Pink ,#f7cdd5,2XL,,15.00,
339,GILDAN18000,Gildan - Heavy Blend Crewneck Sweatshirt,Sweatshirt,Light Pink ,#f7cdd5,3XL,,16.00,
340,GILDAN18000,Gildan - Heavy Blend Crewneck Sweatshirt,Sweatshirt,Light Pink ,#f7cdd5,4XL,,17.00,
341,GILDAN18000,Gildan - Heavy Blend Crewneck Sweatshirt,Sweatshirt,Light Pink ,#f7cdd5,5XL,,18.00,
342,GILDAN18000,Gildan - Heavy Blend Crewneck Sweatshirt,Sweatshirt,Red,#ec3c4d,XS,,13.00,
343,GILDAN18000,Gildan - Heavy Blend Crewneck Sweatshirt,Sweatshirt,Red,#ec3c4d,S,,13.00,
344,GILDAN18000,Gildan - Heavy Blend Crewneck Sweatshirt,Sweatshirt,Red,#ec3c4d,M,,13.00,
345,GILDAN18000,Gildan - Heavy Blend Crewneck Sweatshirt,Sweatshirt,Red,#ec3c4d,L,,13.00,
346,GILDAN18000,Gildan - Heavy Blend Crewneck Sweatshirt,Sweatshirt,Red,#ec3c4d,XL,,13.00,
347,GILDAN18000,Gildan - Heavy Blend Crewneck Sweatshirt,Sweatshirt,Red,#ec3c4d,2XL,,15.00,
348,GILDAN18000,Gildan - Heavy Blend Crewneck Sweatshirt,Sweatshirt,Red,#ec3c4d,3XL,,16.00,
349,GILDAN18000,Gildan - Heavy Blend Crewneck Sweatshirt,Sweatshirt,Red,#ec3c4d,4XL,,17.00,
350,GILDAN18000,Gildan - Heavy Blend Crewneck Sweatshirt,Sweatshirt,Red,#ec3c4d,5XL,,18.00,
351,GILDAN18000,Gildan - Heavy Blend Crewneck Sweatshirt,Sweatshirt,Black,#272727,XS,,13.00,
352,GILDAN18000,Gildan - Heavy Blend Crewneck Sweatshirt,Sweatshirt,Black,#272727,S,,13.00,
353,GILDAN18000,Gildan - Heavy Blend Crewneck Sweatshirt,Sweatshirt,Black,#272727,M,,13.00,
354,GILDAN18000,Gildan - Heavy Blend Crewneck Sweatshirt,Sweatshirt,Black,#272727,L,,13.00,
355,GILDAN18000,Gildan - Heavy Blend Crewneck Sweatshirt,Sweatshirt,Black,#272727,XL,,13.00,
356,GILDAN18000,Gildan - Heavy Blend Crewneck Sweatshirt,Sweatshirt,Black,#272727,2XL,,15.00,
357,GILDAN18000,Gildan - Heavy Blend Crewneck Sweatshirt,Sweatshirt,Black,#272727,3XL,,16.00,
358,GILDAN18000,Gildan - Heavy Blend Crewneck Sweatshirt,Sweatshirt,Black,#272727,4XL,,17.00,
359,GILDAN18000,Gildan - Heavy Blend Crewneck Sweatshirt,Sweatshirt,Black,#272727,5XL,,18.00,
360,GILDAN2200,Gildan - Ultra Cotton Tank Top,Tank ,Carolina Blue,#7bafd4,S,,12.50,
361,GILDAN2200,Gildan - Ultra Cotton Tank Top,Tank ,Carolina Blue,#7bafd4,M,,12.50,
362,GILDAN2200,Gildan - Ultra Cotton Tank Top,Tank ,Carolina Blue,#7bafd4,L,,12.50,
363,GILDAN2200,Gildan - Ultra Cotton Tank Top,Tank ,Carolina Blue,#7bafd4,XL,,12.50,
364,GILDAN2200,Gildan - Ultra Cotton Tank Top,Tank ,Carolina Blue,#7bafd4,2XL,,14.50,
365,GILDAN2200,Gildan - Ultra Cotton Tank Top,Tank ,Carolina Blue,#7bafd4,3XL,,15.50,
366,GILDAN2200,Gildan - Ultra Cotton Tank Top,Tank ,Navy,#2f3a4c,S,,12.50,
367,GILDAN2200,Gildan - Ultra Cotton Tank Top,Tank ,Navy,#2f3a4c,M,,12.50,
368,GILDAN2200,Gildan - Ultra Cotton Tank Top,Tank ,Navy,#2f3a4c,L,,12.50,
369,GILDAN2200,Gildan - Ultra Cotton Tank Top,Tank ,Navy,#2f3a4c,XL,,12.50,
370,GILDAN2200,Gildan - Ultra Cotton Tank Top,Tank ,Navy,#2f3a4c,2XL,,14.50,
371,GILDAN2200,Gildan - Ultra Cotton Tank Top,Tank ,Navy,#2f3a4c,3XL,,15.50,
372,GILDAN2200,Gildan - Ultra Cotton Tank Top,Tank ,Orange,#ffa500,S,,12.50,
373,GILDAN2200,Gildan - Ultra Cotton Tank Top,Tank ,Orange,#ffa500,M,,12.50,
374,GILDAN2200,Gildan - Ultra Cotton Tank Top,Tank ,Orange,#ffa500,L,,12.50,
375,GILDAN2200,Gildan - Ultra Cotton Tank Top,Tank ,Orange,#ffa500,XL,,12.50,
376,GILDAN2200,Gildan - Ultra Cotton Tank Top,Tank ,Orange,#ffa500,2XL,,14.50,
377,GILDAN2200,Gildan - Ultra Cotton Tank Top,Tank ,Orange,#ffa500,3XL,,15.50,
378,GILDAN2200,Gildan - Ultra Cotton Tank Top,Tank ,Purple,#800080,S,,12.50,
379,GILDAN2200,Gildan - Ultra Cotton Tank Top,Tank ,Purple,#800080,M,,12.50,
380,GILDAN2200,Gildan - Ultra Cotton Tank Top,Tank ,Purple,#800080,L,,12.50,
381,GILDAN2200,Gildan - Ultra Cotton Tank Top,Tank ,Purple,#800080,XL,,12.50,
382,GILDAN2200,Gildan - Ultra Cotton Tank Top,Tank ,Purple,#800080,2XL,,14.50,
383,GILDAN2200,Gildan - Ultra Cotton Tank Top,Tank ,Purple,#800080,3XL,,15.50,
384,GILDAN2200,Gildan - Ultra Cotton Tank Top,Tank ,White,#ffffff,S,,12.50,
385,GILDAN2200,Gildan - Ultra Cotton Tank Top,Tank ,White,#ffffff,M,,12.50,
386,GILDAN2200,Gildan - Ultra Cotton Tank Top,Tank ,White,#ffffff,L,,12.50,
387,GILDAN2200,Gildan - Ultra Cotton Tank Top,Tank ,White,#ffffff,XL,,12.50,
388,GILDAN2200,Gildan - Ultra Cotton Tank Top,Tank ,White,#ffffff,2XL,,14.50,
389,GILDAN2200,Gildan - Ultra Cotton Tank Top,Tank ,White,#ffffff,3XL,,15.50,
390,GILDAN2200,Gildan - Ultra Cotton Tank Top,Tank ,Sport Grey,#a0a0a0,S,,12.50,
391,GILDAN2200,Gildan - Ultra Cotton Tank Top,Tank ,Sport Grey,#a0a0a0,M,,12.50,
392,GILDAN2200,Gildan - Ultra Cotton Tank Top,Tank ,Sport Grey,#a0a0a0,L,,12.50,
393,GILDAN2200,Gildan - Ultra Cotton Tank Top,Tank ,Sport Grey,#a0a0a0,XL,,12.50,
394,GILDAN2200,Gildan - Ultra Cotton Tank Top,Tank ,Sport Grey,#a0a0a0,2XL,,14.50,
395,GILDAN2200,Gildan - Ultra Cotton Tank Top,Tank ,Sport Grey,#a0a0a0,3XL,,15.50,
396,GILDAN2200,Gildan - Ultra Cotton Tank Top,Tank ,Cardinal Red,#bd2031,S,,12.50,
397,GILDAN2200,Gildan - Ultra Cotton Tank Top,Tank ,Cardinal Red,#bd2031,M,,12.50,
398,GILDAN2200,Gildan - Ultra Cotton Tank Top,Tank ,Cardinal Red,#bd2031,L,,12.50,
399,GILDAN2200,Gildan - Ultra Cotton Tank Top,Tank ,Cardinal Red,#bd2031,XL,,12.50,
400,GILDAN2200,Gildan - Ultra Cotton Tank Top,Tank ,Cardinal Red,#bd2031,2XL,,14.50,
401,GILDAN2200,Gildan - Ultra Cotton Tank Top,Tank ,Cardinal Red,#bd2031,3XL,,15.50,
402,GILDAN2200,Gildan - Ultra Cotton Tank Top,Tank ,Ash,#d2d2d2,S,,12.50,
403,GILDAN2200,Gildan - Ultra Cotton Tank Top,Tank ,Ash,#d2d2d2,M,,12.50,
404,GILDAN2200,Gildan - Ultra Cotton Tank Top,Tank ,Ash,#d2d2d2,L,,12.50,
405,GILDAN2200,Gildan - Ultra Cotton Tank Top,Tank ,Ash,#d2d2d2,XL,,12.50,
406,GILDAN2200,Gildan - Ultra Cotton Tank Top,Tank ,Ash,#d2d2d2,2XL,,14.50,
407,GILDAN2200,Gildan - Ultra Cotton Tank Top,Tank ,Ash,#d2d2d2,3XL,,15.50,
408,GILDAN2200,Gildan - Ultra Cotton Tank Top,Tank ,Red,#ec3c4d,S,,12.50,
409,GILDAN2200,Gildan - Ultra Cotton Tank Top,Tank ,Red,#ec3c4d,M,,12.50,
410,GILDAN2200,Gildan - Ultra Cotton Tank Top,Tank ,Red,#ec3c4d,L,,12.50,
411,GILDAN2200,Gildan - Ultra Cotton Tank Top,Tank ,Red,#ec3c4d,XL,,12.50,
412,GILDAN2200,Gildan - Ultra Cotton Tank Top,Tank ,Red,#ec3c4d,2XL,,14.50,
413,GILDAN2200,Gildan - Ultra Cotton Tank Top,Tank ,Red,#ec3c4d,3XL,,15.50,
414,GILDAN2200,Gildan - Ultra Cotton Tank Top,Tank ,True Royal,#0d336b,S,,12.50,
415,GILDAN2200,Gildan - Ultra Cotton Tank Top,Tank ,True Royal,#0d336b,M,,12.50,
416,GILDAN2200,Gildan - Ultra Cotton Tank Top,Tank ,True Royal,#0d336b,L,,12.50,
417,GILDAN2200,Gildan - Ultra Cotton Tank Top,Tank ,True Royal,#0d336b,XL,,12.50,
418,GILDAN2200,Gildan - Ultra Cotton Tank Top,Tank ,True Royal,#0d336b,2XL,,14.50,
419,GILDAN2200,Gildan - Ultra Cotton Tank Top,Tank ,True Royal,#0d336b,3XL,,15.50,
420,GILDAN2200,Gildan - Ultra Cotton Tank Top,Tank ,Black,#272727,S,,12.50,
421,GILDAN2200,Gildan - Ultra Cotton Tank Top,Tank ,Black,#272727,M,,12.50,
422,GILDAN2200,Gildan - Ultra Cotton Tank Top,Tank ,Black,#272727,L,,12.50,
423,GILDAN2200,Gildan - Ultra Cotton Tank Top,Tank ,Black,#272727,XL,,12.50,
424,GILDAN2200,Gildan - Ultra Cotton Tank Top,Tank ,Black,#272727,2XL,,14.50,
425,GILDAN2200,Gildan - Ultra Cotton Tank Top,Tank ,Black,#272727,3XL,,15.50,
426,NEXTLEVEL3600,Next Level - Premium Short Sleeve Crew,Short Sleeve,White,#ffffff,XS,,11.00,
427,NEXTLEVEL3600,Next Level - Premium Short Sleeve Crew,Short Sleeve,White,#ffffff,S,,11.00,
428,NEXTLEVEL3600,Next Level - Premium Short Sleeve Crew,Short Sleeve,White,#ffffff,M,,11.00,
429,NEXTLEVEL3600,Next Level - Premium Short Sleeve Crew,Short Sleeve,White,#ffffff,L,,11.00,
430,NEXTLEVEL3600,Next Level - Premium Short Sleeve Crew,Short Sleeve,White,#ffffff,XL,,11.00,
431,NEXTLEVEL3600,Next Level - Premium Short Sleeve Crew,Short Sleeve,White,#ffffff,2XL,,13.00,
432,NEXTLEVEL3600,Next Level - Premium Short Sleeve Crew,Short Sleeve,White,#ffffff,3XL,,14.00,
433,NEXTLEVEL3600,Next Level - Premium Short Sleeve Crew,Short Sleeve,Heather Grey,#bebbbb,XS,,11.00,
434,NEXTLEVEL3600,Next Level - Premium Short Sleeve Crew,Short Sleeve,Heather Grey,#bebbbb,S,,11.00,
435,NEXTLEVEL3600,Next Level - Premium Short Sleeve Crew,Short Sleeve,Heather Grey,#bebbbb,M,,11.00,
436,NEXTLEVEL3600,Next Level - Premium Short Sleeve Crew,Short Sleeve,Heather Grey,#bebbbb,L,,11.00,
437,NEXTLEVEL3600,Next Level - Premium Short Sleeve Crew,Short Sleeve,Heather Grey,#bebbbb,XL,,11.00,
438,NEXTLEVEL3600,Next Level - Premium Short Sleeve Crew,Short Sleeve,Heather Grey,#bebbbb,2XL,,13.00,
439,NEXTLEVEL3600,Next Level - Premium Short Sleeve Crew,Short Sleeve,Heather Grey,#bebbbb,3XL,,14.00,
440,NEXTLEVEL3600,Next Level - Premium Short Sleeve Crew,Short Sleeve,Indigo,#282f40,XS,,11.00,
441,NEXTLEVEL3600,Next Level - Premium Short Sleeve Crew,Short Sleeve,Indigo,#282f40,S,,11.00,
442,NEXTLEVEL3600,Next Level - Premium Short Sleeve Crew,Short Sleeve,Indigo,#282f40,M,,11.00,
443,NEXTLEVEL3600,Next Level - Premium Short Sleeve Crew,Short Sleeve,Indigo,#282f40,L,,11.00,
444,NEXTLEVEL3600,Next Level - Premium Short Sleeve Crew,Short Sleeve,Indigo,#282f40,XL,,11.00,
445,NEXTLEVEL3600,Next Level - Premium Short Sleeve Crew,Short Sleeve,Indigo,#282f40,2XL,,13.00,
446,NEXTLEVEL3600,Next Level - Premium Short Sleeve Crew,Short Sleeve,Indigo,#282f40,3XL,,14.00,
447,NEXTLEVEL3600,Next Level - Premium Short Sleeve Crew,Short Sleeve,Midnight Navy,#002b44,XS,,11.00,
448,NEXTLEVEL3600,Next Level - Premium Short Sleeve Crew,Short Sleeve,Midnight Navy,#002b44,S,,11.00,
449,NEXTLEVEL3600,Next Level - Premium Short Sleeve Crew,Short Sleeve,Midnight Navy,#002b44,M,,11.00,
450,NEXTLEVEL3600,Next Level - Premium Short Sleeve Crew,Short Sleeve,Midnight Navy,#002b44,L,,11.00,
451,NEXTLEVEL3600,Next Level - Premium Short Sleeve Crew,Short Sleeve,Midnight Navy,#002b44,XL,,11.00,
452,NEXTLEVEL3600,Next Level - Premium Short Sleeve Crew,Short Sleeve,Midnight Navy,#002b44,2XL,,13.00,
453,NEXTLEVEL3600,Next Level - Premium Short Sleeve Crew,Short Sleeve,Midnight Navy,#002b44,3XL,,14.00,
454,NEXTLEVEL3600,Next Level - Premium Short Sleeve Crew,Short Sleeve,Royal,#245eba,XS,,11.00,
455,NEXTLEVEL3600,Next Level - Premium Short Sleeve Crew,Short Sleeve,Royal,#245eba,S,,11.00,
456,NEXTLEVEL3600,Next Level - Premium Short Sleeve Crew,Short Sleeve,Royal,#245eba,M,,11.00,
457,NEXTLEVEL3600,Next Level - Premium Short Sleeve Crew,Short Sleeve,Royal,#245eba,L,,11.00,
458,NEXTLEVEL3600,Next Level - Premium Short Sleeve Crew,Short Sleeve,Royal,#245eba,XL,,11.00,
459,NEXTLEVEL3600,Next Level - Premium Short Sleeve Crew,Short Sleeve,Royal,#245eba,2XL,,13.00,
460,NEXTLEVEL3600,Next Level - Premium Short Sleeve Crew,Short Sleeve,Royal,#245eba,3XL,,14.00,
461,NEXTLEVEL3600,Next Level - Premium Short Sleeve Crew,Short Sleeve,Red,#ec3c4d,XS,,11.00,
462,NEXTLEVEL3600,Next Level - Premium Short Sleeve Crew,Short Sleeve,Red,#ec3c4d,S,,11.00,
463,NEXTLEVEL3600,Next Level - Premium Short Sleeve Crew,Short Sleeve,Red,#ec3c4d,M,,11.00,
464,NEXTLEVEL3600,Next Level - Premium Short Sleeve Crew,Short Sleeve,Red,#ec3c4d,L,,11.00,
465,NEXTLEVEL3600,Next Level - Premium Short Sleeve Crew,Short Sleeve,Red,#ec3c4d,XL,,11.00,
466,NEXTLEVEL3600,Next Level - Premium Short Sleeve Crew,Short Sleeve,Red,#ec3c4d,2XL,,13.00,
467,NEXTLEVEL3600,Next Level - Premium Short Sleeve Crew,Short Sleeve,Red,#ec3c4d,3XL,,14.00,
468,NEXTLEVEL3600,Next Level - Premium Short Sleeve Crew,Short Sleeve,Black,#272727,XS,,11.00,
469,NEXTLEVEL3600,Next Level - Premium Short Sleeve Crew,Short Sleeve,Black,#272727,S,,11.00,
470,NEXTLEVEL3600,Next Level - Premium Short Sleeve Crew,Short Sleeve,Black,#272727,M,,11.00,
471,NEXTLEVEL3600,Next Level - Premium Short Sleeve Crew,Short Sleeve,Black,#272727,L,,11.00,
472,NEXTLEVEL3600,Next Level - Premium Short Sleeve Crew,Short Sleeve,Black,#272727,XL,,11.00,
473,NEXTLEVEL3600,Next Level - Premium Short Sleeve Crew,Short Sleeve,Black,#272727,2XL,,13.00,
474,NEXTLEVEL3600,Next Level - Premium Short Sleeve Crew,Short Sleeve,Black,#272727,3XL,,14.00,
475,NEXTLEVEL3900,Next Level - Women's The Boyfriend Tee,Short Sleeve,Kelly Green,#4cbb17,XS,,11.00,
476,NEXTLEVEL3900,Next Level - Women's The Boyfriend Tee,Short Sleeve,Kelly Green,#4cbb17,S,,11.00,
477,NEXTLEVEL3900,Next Level - Women's The Boyfriend Tee,Short Sleeve,Kelly Green,#4cbb17,M,,11.00,
478,NEXTLEVEL3900,Next Level - Women's The Boyfriend Tee,Short Sleeve,Kelly Green,#4cbb17,L,,11.00,
479,NEXTLEVEL3900,Next Level - Women's The Boyfriend Tee,Short Sleeve,Kelly Green,#4cbb17,XL,,11.00,
480,NEXTLEVEL3900,Next Level - Women's The Boyfriend Tee,Short Sleeve,Kelly Green,#4cbb17,2XL,,13.00,
481,NEXTLEVEL3900,Next Level - Women's The Boyfriend Tee,Short Sleeve,Kelly Green,#4cbb17,3XL,,14.00,
482,NEXTLEVEL3900,Next Level - Women's The Boyfriend Tee,Short Sleeve,White,#ffffff,XS,,11.00,
483,NEXTLEVEL3900,Next Level - Women's The Boyfriend Tee,Short Sleeve,White,#ffffff,S,,11.00,
484,NEXTLEVEL3900,Next Level - Women's The Boyfriend Tee,Short Sleeve,White,#ffffff,M,,11.00,
485,NEXTLEVEL3900,Next Level - Women's The Boyfriend Tee,Short Sleeve,White,#ffffff,L,,11.00,
486,NEXTLEVEL3900,Next Level - Women's The Boyfriend Tee,Short Sleeve,White,#ffffff,XL,,11.00,
487,NEXTLEVEL3900,Next Level - Women's The Boyfriend Tee,Short Sleeve,White,#ffffff,2XL,,13.00,
488,NEXTLEVEL3900,Next Level - Women's The Boyfriend Tee,Short Sleeve,White,#ffffff,3XL,,14.00,
489,NEXTLEVEL3900,Next Level - Women's The Boyfriend Tee,Short Sleeve,Dark Chocolate,#403533,XS,,11.00,
490,NEXTLEVEL3900,Next Level - Women's The Boyfriend Tee,Short Sleeve,Dark Chocolate,#403533,S,,11.00,
491,NEXTLEVEL3900,Next Level - Women's The Boyfriend Tee,Short Sleeve,Dark Chocolate,#403533,M,,11.00,
492,NEXTLEVEL3900,Next Level - Women's The Boyfriend Tee,Short Sleeve,Dark Chocolate,#403533,L,,11.00,
493,NEXTLEVEL3900,Next Level - Women's The Boyfriend Tee,Short Sleeve,Dark Chocolate,#403533,XL,,11.00,
494,NEXTLEVEL3900,Next Level - Women's The Boyfriend Tee,Short Sleeve,Dark Chocolate,#403533,2XL,,13.00,
495,NEXTLEVEL3900,Next Level - Women's The Boyfriend Tee,Short Sleeve,Dark Chocolate,#403533,3XL,,14.00,
496,NEXTLEVEL3900,Next Level - Women's The Boyfriend Tee,Short Sleeve,Heather Grey,#bebbbb,XS,,11.00,
497,NEXTLEVEL3900,Next Level - Women's The Boyfriend Tee,Short Sleeve,Heather Grey,#bebbbb,S,,11.00,
498,NEXTLEVEL3900,Next Level - Women's The Boyfriend Tee,Short Sleeve,Heather Grey,#bebbbb,M,,11.00,
499,NEXTLEVEL3900,Next Level - Women's The Boyfriend Tee,Short Sleeve,Heather Grey,#bebbbb,L,,11.00,
500,NEXTLEVEL3900,Next Level - Women's The Boyfriend Tee,Short Sleeve,Heather Grey,#bebbbb,XL,,11.00,
501,NEXTLEVEL3900,Next Level - Women's The Boyfriend Tee,Short Sleeve,Heather Grey,#bebbbb,2XL,,13.00,
502,NEXTLEVEL3900,Next Level - Women's The Boyfriend Tee,Short Sleeve,Heather Grey,#bebbbb,3XL,,14.00,
503,NEXTLEVEL3900,Next Level - Women's The Boyfriend Tee,Short Sleeve,Indigo,#282f40,XS,,11.00,
504,NEXTLEVEL3900,Next Level - Women's The Boyfriend Tee,Short Sleeve,Indigo,#282f40,S,,11.00,
505,NEXTLEVEL3900,Next Level - Women's The Boyfriend Tee,Short Sleeve,Indigo,#282f40,M,,11.00,
506,NEXTLEVEL3900,Next Level - Women's The Boyfriend Tee,Short Sleeve,Indigo,#282f40,L,,11.00,
507,NEXTLEVEL3900,Next Level - Women's The Boyfriend Tee,Short Sleeve,Indigo,#282f40,XL,,11.00,
508,NEXTLEVEL3900,Next Level - Women's The Boyfriend Tee,Short Sleeve,Indigo,#282f40,2XL,,13.00,
509,NEXTLEVEL3900,Next Level - Women's The Boyfriend Tee,Short Sleeve,Indigo,#282f40,3XL,,14.00,
510,NEXTLEVEL3900,Next Level - Women's The Boyfriend Tee,Short Sleeve,Midnight Navy,#002b44,XS,,11.00,
511,NEXTLEVEL3900,Next Level - Women's The Boyfriend Tee,Short Sleeve,Midnight Navy,#002b44,S,,11.00,
512,NEXTLEVEL3900,Next Level - Women's The Boyfriend Tee,Short Sleeve,Midnight Navy,#002b44,M,,11.00,
513,NEXTLEVEL3900,Next Level - Women's The Boyfriend Tee,Short Sleeve,Midnight Navy,#002b44,L,,11.00,
514,NEXTLEVEL3900,Next Level - Women's The Boyfriend Tee,Short Sleeve,Midnight Navy,#002b44,XL,,11.00,
515,NEXTLEVEL3900,Next Level - Women's The Boyfriend Tee,Short Sleeve,Midnight Navy,#002b44,2XL,,13.00,
516,NEXTLEVEL3900,Next Level - Women's The Boyfriend Tee,Short Sleeve,Midnight Navy,#002b44,3XL,,14.00,
517,NEXTLEVEL3900,Next Level - Women's The Boyfriend Tee,Short Sleeve,Red,#ec3c4d,XS,,11.00,
518,NEXTLEVEL3900,Next Level - Women's The Boyfriend Tee,Short Sleeve,Red,#ec3c4d,S,,11.00,
519,NEXTLEVEL3900,Next Level - Women's The Boyfriend Tee,Short Sleeve,Red,#ec3c4d,M,,11.00,
520,NEXTLEVEL3900,Next Level - Women's The Boyfriend Tee,Short Sleeve,Red,#ec3c4d,L,,11.00,
521,NEXTLEVEL3900,Next Level - Women's The Boyfriend Tee,Short Sleeve,Red,#ec3c4d,XL,,11.00,
522,NEXTLEVEL3900,Next Level - Women's The Boyfriend Tee,Short Sleeve,Red,#ec3c4d,2XL,,13.00,
523,NEXTLEVEL3900,Next Level - Women's The Boyfriend Tee,Short Sleeve,Red,#ec3c4d,3XL,,14.00,
524,NEXTLEVEL3900,Next Level - Women's The Boyfriend Tee,Short Sleeve,Black,#272727,XS,,11.00,
525,NEXTLEVEL3900,Next Level - Women's The Boyfriend Tee,Short Sleeve,Black,#272727,S,,11.00,
526,NEXTLEVEL3900,Next Level - Women's The Boyfriend Tee,Short Sleeve,Black,#272727,M,,11.00,
527,NEXTLEVEL3900,Next Level - Women's The Boyfriend Tee,Short Sleeve,Black,#272727,L,,11.00,
528,NEXTLEVEL3900,Next Level - Women's The Boyfriend Tee,Short Sleeve,Black,#272727,XL,,11.00,
529,NEXTLEVEL3900,Next Level - Women's The Boyfriend Tee,Short Sleeve,Black,#272727,2XL,,13.00,
530,NEXTLEVEL3900,Next Level - Women's The Boyfriend Tee,Short Sleeve,Black,#272727,3XL,,14.00,
531,NEXTLEVEL3900,Next Level - Women's The Boyfriend Tee,Short Sleeve,Mint,#cfe8cc,XS,,11.00,
532,NEXTLEVEL3900,Next Level - Women's The Boyfriend Tee,Short Sleeve,Mint,#cfe8cc,S,,11.00,
533,NEXTLEVEL3900,Next Level - Women's The Boyfriend Tee,Short Sleeve,Mint,#cfe8cc,M,,11.00,
534,NEXTLEVEL3900,Next Level - Women's The Boyfriend Tee,Short Sleeve,Mint,#cfe8cc,L,,11.00,
535,NEXTLEVEL3900,Next Level - Women's The Boyfriend Tee,Short Sleeve,Mint,#cfe8cc,XL,,11.00,
536,NEXTLEVEL3900,Next Level - Women's The Boyfriend Tee,Short Sleeve,Mint,#cfe8cc,2XL,,13.00,
537,NEXTLEVEL3900,Next Level - Women's The Boyfriend Tee,Short Sleeve,Mint,#cfe8cc,3XL,,14.00,
538,NEXTLEVEL3900,Next Level - Women's The Boyfriend Tee,Short Sleeve,Forest Green,#228b22,XS,,11.00,
539,NEXTLEVEL3900,Next Level - Women's The Boyfriend Tee,Short Sleeve,Forest Green,#228b22,S,,11.00,
540,NEXTLEVEL3900,Next Level - Women's The Boyfriend Tee,Short Sleeve,Forest Green,#228b22,M,,11.00,
541,NEXTLEVEL3900,Next Level - Women's The Boyfriend Tee,Short Sleeve,Forest Green,#228b22,L,,11.00,
542,NEXTLEVEL3900,Next Level - Women's The Boyfriend Tee,Short Sleeve,Forest Green,#228b22,XL,,11.00,
543,NEXTLEVEL3900,Next Level - Women's The Boyfriend Tee,Short Sleeve,Forest Green,#228b22,2XL,,13.00,
544,NEXTLEVEL3900,Next Level - Women's The Boyfriend Tee,Short Sleeve,Forest Green,#228b22,3XL,,14.00,
545,NEXTLEVEL6240,Next Level - Fitted CVC V,V Neck,White,#ffffff,S,,11.00,
546,NEXTLEVEL6240,Next Level - Fitted CVC V,V Neck,White,#ffffff,M,,11.00,
547,NEXTLEVEL6240,Next Level - Fitted CVC V,V Neck,White,#ffffff,L,,11.00,
548,NEXTLEVEL6240,Next Level - Fitted CVC V,V Neck,White,#ffffff,XL,,11.00,
549,NEXTLEVEL6240,Next Level - Fitted CVC V,V Neck,White,#ffffff,2XL,,13.00,
550,NEXTLEVEL6240,Next Level - Fitted CVC V,V Neck,Black,#272727,S,,11.00,
551,NEXTLEVEL6240,Next Level - Fitted CVC V,V Neck,Black,#272727,M,,11.00,
552,NEXTLEVEL6240,Next Level - Fitted CVC V,V Neck,Black,#272727,L,,11.00,
553,NEXTLEVEL6240,Next Level - Fitted CVC V,V Neck,Black,#272727,XL,,11.00,
554,NEXTLEVEL6240,Next Level - Fitted CVC V,V Neck,Black,#272727,2XL,,13.00,
555,NEXTLEVEL6240,Next Level - Fitted CVC V,V Neck,Dark Heather,#414143,S,,11.00,
556,NEXTLEVEL6240,Next Level - Fitted CVC V,V Neck,Dark Heather,#414143,M,,11.00,
557,NEXTLEVEL6240,Next Level - Fitted CVC V,V Neck,Dark Heather,#414143,L,,11.00,
558,NEXTLEVEL6240,Next Level - Fitted CVC V,V Neck,Dark Heather,#414143,XL,,11.00,
559,NEXTLEVEL6240,Next Level - Fitted CVC V,V Neck,Dark Heather,#414143,2XL,,13.00,
560,NEXTLEVEL6240,Next Level - Fitted CVC V,V Neck,Midnight Navy,#002b44,S,,11.00,
561,NEXTLEVEL6240,Next Level - Fitted CVC V,V Neck,Midnight Navy,#002b44,M,,11.00,
562,NEXTLEVEL6240,Next Level - Fitted CVC V,V Neck,Midnight Navy,#002b44,L,,11.00,
563,NEXTLEVEL6240,Next Level - Fitted CVC V,V Neck,Midnight Navy,#002b44,XL,,11.00,
564,NEXTLEVEL6240,Next Level - Fitted CVC V,V Neck,Midnight Navy,#002b44,2XL,,13.00,
565,NEXTLEVEL6240,Next Level - Fitted CVC V,V Neck,Red,#ec3c4d,S,,11.00,
566,NEXTLEVEL6240,Next Level - Fitted CVC V,V Neck,Red,#ec3c4d,M,,11.00,
567,NEXTLEVEL6240,Next Level - Fitted CVC V,V Neck,Red,#ec3c4d,L,,11.00,
568,NEXTLEVEL6240,Next Level - Fitted CVC V,V Neck,Red,#ec3c4d,XL,,11.00,
569,NEXTLEVEL6240,Next Level - Fitted CVC V,V Neck,Red,#ec3c4d,2XL,,13.00,
570,GILDAN2000B,Gildan - Ultra Cotton Youth T-Shirt,Short Sleeve,White,#f3f4ef,XS,,9.37,
571,GILDAN2000B,Gildan - Ultra Cotton Youth T-Shirt,Short Sleeve,White,#f3f4ef,S,,9.37,
572,GILDAN2000B,Gildan - Ultra Cotton Youth T-Shirt,Short Sleeve,White,#f3f4ef,M,,9.37,
573,GILDAN2000B,Gildan - Ultra Cotton Youth T-Shirt,Short Sleeve,White,#f3f4ef,L,,9.37,
574,GILDAN2000B,Gildan - Ultra Cotton Youth T-Shirt,Short Sleeve,White,#f3f4ef,XL,,9.37,
575,GILDAN2000B,Gildan - Ultra Cotton Youth T-Shirt,Short Sleeve,Black,#272727,XS,,9.37,
576,GILDAN2000B,Gildan - Ultra Cotton Youth T-Shirt,Short Sleeve,Black,#272727,S,,9.37,
577,GILDAN2000B,Gildan - Ultra Cotton Youth T-Shirt,Short Sleeve,Black,#272727,M,,9.37,
578,GILDAN2000B,Gildan - Ultra Cotton Youth T-Shirt,Short Sleeve,Black,#272727,L,,9.37,
579,GILDAN2000B,Gildan - Ultra Cotton Youth T-Shirt,Short Sleeve,Black,#272727,XL,,9.37,
580,GILDAN2000B,Gildan - Ultra Cotton Youth T-Shirt,Short Sleeve,Navy,#2f3a4c,XS,,9.37,
581,GILDAN2000B,Gildan - Ultra Cotton Youth T-Shirt,Short Sleeve,Navy,#2f3a4c,S,,9.37,
582,GILDAN2000B,Gildan - Ultra Cotton Youth T-Shirt,Short Sleeve,Navy,#2f3a4c,M,,9.37,
583,GILDAN2000B,Gildan - Ultra Cotton Youth T-Shirt,Short Sleeve,Navy,#2f3a4c,L,,9.37,
584,GILDAN2000B,Gildan - Ultra Cotton Youth T-Shirt,Short Sleeve,Navy,#2f3a4c,XL,,9.37,
585,GILDAN2000B,Gildan - Ultra Cotton Youth T-Shirt,Short Sleeve,Dark Chocolate,#403533,XS,,9.37,
586,GILDAN2000B,Gildan - Ultra Cotton Youth T-Shirt,Short Sleeve,Dark Chocolate,#403533,S,,9.37,
587,GILDAN2000B,Gildan - Ultra Cotton Youth T-Shirt,Short Sleeve,Dark Chocolate,#403533,M,,9.37,
588,GILDAN2000B,Gildan - Ultra Cotton Youth T-Shirt,Short Sleeve,Dark Chocolate,#403533,L,,9.37,
589,GILDAN2000B,Gildan - Ultra Cotton Youth T-Shirt,Short Sleeve,Dark Chocolate,#403533,XL,,9.37,
590,GILDAN2000B,Gildan - Ultra Cotton Youth T-Shirt,Short Sleeve,Royal,#245eba,XS,,9.37,
591,GILDAN2000B,Gildan - Ultra Cotton Youth T-Shirt,Short Sleeve,Royal,#245eba,S,,9.37,
592,GILDAN2000B,Gildan - Ultra Cotton Youth T-Shirt,Short Sleeve,Royal,#245eba,M,,9.37,
593,GILDAN2000B,Gildan - Ultra Cotton Youth T-Shirt,Short Sleeve,Royal,#245eba,L,,9.37,
594,GILDAN2000B,Gildan - Ultra Cotton Youth T-Shirt,Short Sleeve,Royal,#245eba,XL,,9.37,
595,GILDAN2000B,Gildan - Ultra Cotton Youth T-Shirt,Short Sleeve,Red,#ec3c4d,XS,,9.37,
596,GILDAN2000B,Gildan - Ultra Cotton Youth T-Shirt,Short Sleeve,Red,#ec3c4d,S,,9.37,
597,GILDAN2000B,Gildan - Ultra Cotton Youth T-Shirt,Short Sleeve,Red,#ec3c4d,M,,9.37,
598,GILDAN2000B,Gildan - Ultra Cotton Youth T-Shirt,Short Sleeve,Red,#ec3c4d,L,,9.37,
599,GILDAN2000B,Gildan - Ultra Cotton Youth T-Shirt,Short Sleeve,Red,#ec3c4d,XL,,9.37,
600,NEXTLEVEL1540,Next Level - Women's Ideal V,V Neck,White,#ffffff,XS,,10.00,
601,NEXTLEVEL1540,Next Level - Women's Ideal V,V Neck,White,#ffffff,S,,10.00,
602,NEXTLEVEL1540,Next Level - Women's Ideal V,V Neck,White,#ffffff,M,,10.00,
603,NEXTLEVEL1540,Next Level - Women's Ideal V,V Neck,White,#ffffff,L,,10.00,
604,NEXTLEVEL1540,Next Level - Women's Ideal V,V Neck,White,#ffffff,XL,,10.00,
605,NEXTLEVEL1540,Next Level - Women's Ideal V,V Neck,White,#ffffff,2XL,,12.00,
606,NEXTLEVEL1540,Next Level - Women's Ideal V,V Neck,White,#ffffff,3XL,,13.00,
607,NEXTLEVEL1540,Next Level - Women's Ideal V,V Neck,Black,#272727,XS,,10.00,
608,NEXTLEVEL1540,Next Level - Women's Ideal V,V Neck,Black,#272727,S,,10.00,
609,NEXTLEVEL1540,Next Level - Women's Ideal V,V Neck,Black,#272727,M,,10.00,
610,NEXTLEVEL1540,Next Level - Women's Ideal V,V Neck,Black,#272727,L,,10.00,
611,NEXTLEVEL1540,Next Level - Women's Ideal V,V Neck,Black,#272727,XL,,10.00,
612,NEXTLEVEL1540,Next Level - Women's Ideal V,V Neck,Black,#272727,2XL,,12.00,
613,NEXTLEVEL1540,Next Level - Women's Ideal V,V Neck,Black,#272727,3XL,,13.00,
614,NEXTLEVEL1540,Next Level - Women's Ideal V,V Neck,Heather Grey,#bebbbb,XS,,10.00,
615,NEXTLEVEL1540,Next Level - Women's Ideal V,V Neck,Heather Grey,#bebbbb,S,,10.00,
616,NEXTLEVEL1540,Next Level - Women's Ideal V,V Neck,Heather Grey,#bebbbb,M,,10.00,
617,NEXTLEVEL1540,Next Level - Women's Ideal V,V Neck,Heather Grey,#bebbbb,L,,10.00,
618,NEXTLEVEL1540,Next Level - Women's Ideal V,V Neck,Heather Grey,#bebbbb,XL,,10.00,
619,NEXTLEVEL1540,Next Level - Women's Ideal V,V Neck,Heather Grey,#bebbbb,2XL,,12.00,
620,NEXTLEVEL1540,Next Level - Women's Ideal V,V Neck,Heather Grey,#bebbbb,3XL,,13.00,
621,NEXTLEVEL1540,Next Level - Women's Ideal V,V Neck,Midnight Navy,#002b44,XS,,10.00,
622,NEXTLEVEL1540,Next Level - Women's Ideal V,V Neck,Midnight Navy,#002b44,S,,10.00,
623,NEXTLEVEL1540,Next Level - Women's Ideal V,V Neck,Midnight Navy,#002b44,M,,10.00,
624,NEXTLEVEL1540,Next Level - Women's Ideal V,V Neck,Midnight Navy,#002b44,L,,10.00,
625,NEXTLEVEL1540,Next Level - Women's Ideal V,V Neck,Midnight Navy,#002b44,XL,,10.00,
626,NEXTLEVEL1540,Next Level - Women's Ideal V,V Neck,Midnight Navy,#002b44,2XL,,12.00,
627,NEXTLEVEL1540,Next Level - Women's Ideal V,V Neck,Midnight Navy,#002b44,3XL,,13.00,
628,NEXTLEVEL1540,Next Level - Women's Ideal V,V Neck,Midnight Navy,#ec3c4d,XS,,10.00,
629,NEXTLEVEL1540,Next Level - Women's Ideal V,V Neck,Red,#ec3c4d,S,,10.00,
630,NEXTLEVEL1540,Next Level - Women's Ideal V,V Neck,Red,#ec3c4d,M,,10.00,
631,NEXTLEVEL1540,Next Level - Women's Ideal V,V Neck,Red,#ec3c4d,L,,10.00,
632,NEXTLEVEL1540,Next Level - Women's Ideal V,V Neck,Red,#ec3c4d,XL,,10.00,
633,NEXTLEVEL1540,Next Level - Women's Ideal V,V Neck,Red,#ec3c4d,2XL,,12.00,
634,NEXTLEVEL1540,Next Level - Women's Ideal V,V Neck,Red,#ec3c4d,3XL,,13.00,
635,NEXTLEVEL1540,Next Level - Women's Ideal V,V Neck,Purple Rush,#613f7f,XS,,10.00,
636,NEXTLEVEL1540,Next Level - Women's Ideal V,V Neck,Purple Rush,#613f7f,S,,10.00,
637,NEXTLEVEL1540,Next Level - Women's Ideal V,V Neck,Purple Rush,#613f7f,M,,10.00,
638,NEXTLEVEL1540,Next Level - Women's Ideal V,V Neck,Purple Rush,#613f7f,L,,10.00,
639,NEXTLEVEL1540,Next Level - Women's Ideal V,V Neck,Purple Rush,#613f7f,XL,,10.00,
640,NEXTLEVEL1540,Next Level - Women's Ideal V,V Neck,Purple Rush,#613f7f,2XL,,12.00,
641,NEXTLEVEL1540,Next Level - Women's Ideal V,V Neck,Purple Rush,#613f7f,3XL,,13.00,
